date,airt,f.airt,airtmax,f.airtmax,airtmin,f.airtmin,airtmmx,f.airtmmx,airtmmn,f.airtmmn,prec,f.prec,slrt,f.slrt,part,f.part,netr,f.netr,wspd,f.wspd,wres,f.wres,wdir,f.wdir,gspd,f.gspd,s10t,f.s10t
2001-03,30.0,,39.0,,22.0,,54.3,,9.0,,6.68,,12.3,,NA,M,NA,M,4.8,1,1.0,1,328,1,42.7,1,NA,M
2001-04,44.5,,56.7,,32.3,,84.6,,19.9,,1.24,,19.5,,NA,M,NA,M,4.0,1,0.9,1,300,1,36.0,1,NA,M
2001-05,56.9,,68.3,,45.9,,87.6,,29.1,,1.94,,20.4,,NA,M,NA,M,3.5,,0.2,,60,,29.1,,NA,M
2001-06,66.2,,77.3,,56.0,,87.3,,38.1,,6.02,,21.8,,NA,M,NA,M,2.7,,0.5,,204,,23.5,,70.1,
2001-07,65.4,,77.0,,54.8,,90.9,,45.5,,2.77,,23.7,,NA,M,NA,M,2.7,,0.7,,238,,23.7,,71.3,
2001-08,70.2,,81.1,,61.1,,92.5,,53.1,,2.09,,19.3,,NA,M,NA,M,2.6,,0.8,,191,,23.7,,73.3,
2001-09,59.9,,70.8,,49.8,,82.8,,36.7,,4.51,,16.6,,NA,M,NA,M,3.0,,0.6,,155,,25.5,,66.1,
2001-10,50.6,,61.6,,40.7,,76.3,,25.5,,0.81,,11.9,,NA,M,NA,M,3.6,,1.2,,223,,39.8,,54.5,
2001-11,42.7,,52.0,,33.5,,66.9,,20.5,,1.08,,7.2,,NA,M,NA,M,3.9,,1.3,,227,,30.9,,44.6,
2001-12,33.5,,41.1,,26.3,,67.8,,12.7,,2.55,,5.7,,NA,M,NA,M,3.7,,1.6,,262,,28.2,,38.5,
2002-01,30.2,,37.5,,23.5,,54.3,,10.4,,2.07,,5.2,,NA,M,NA,M,4.0,,2.3,,255,,36.2,,31.9,
2002-02,30.2,,40.5,,20.5,,59.9,,6.4,,2.21,,9.3,,NA,M,NA,M,4.5,1,2.1,1,244,1,40.5,,32.0,
2002-03,34.5,,44.1,,25.5,,64.9,,8.8,,3.34,,12.0,,NA,M,NA,M,5.0,,1.2,,237,,39.6,,36.9,
2002-04,46.2,,57.4,,35.9,,90.1,,19.2,,3.88,,15.8,,NA,M,NA,M,4.5,1,1.2,1,229,1,36.0,1,49.4,
2002-05,52.6,,63.9,,42.1,,80.2,,28.8,,4.85,,19.6,,NA,M,NA,M,4.1,,1.5,,239,,46.5,,54.0,
2002-06,62.2,,73.5,,51.6,,88.3,,39.7,,4.54,,20.3,,NA,M,NA,M,3.2,,0.6,,183,,32.4,,65.3,
2002-07,69.4,,80.3,,59.5,,92.5,,47.8,,2.62,,22.3,,NA,M,NA,M,2.8,,0.6,,228,,36.5,,72.6,
2002-08,68.8,,80.7,,59.1,,92.7,,46.0,,4.63,,20.4,,NA,M,NA,M,2.6,,0.1,,84,,28.4,,72.7,
2002-09,62.8,,74.2,,53.2,,90.1,,39.2,,3.43,,15.4,,NA,M,NA,M,3.0,,0.5,,211,,34.2,,66.6,
2002-10,45.7,,55.0,,37.7,,79.7,,22.6,,2.93,,9.5,1,NA,M,NA,M,3.4,1,0.5,1,91,1,37.1,1,54.2,
2002-11,36.3,,43.4,,29.6,,64.9,,7.5,,5.03,,5.5,,NA,M,NA,M,4.1,,1.1,,244,,32.7,,42.8,
2002-12,26.5,,34.4,,19.3,,54.9,,0.7,,4.21,,5.6,,NA,M,NA,M,4.3,,1.8,,272,,36.9,,36.3,
2003-01,16.2,,24.3,,8.1,,37.4,,-9.8,,3.19,,6.6,,NA,M,NA,M,4.0,3,2.5,3,276,3,35.3,3,34.7,
2003-02,20.4,,29.1,,11.5,,52.9,,-7.4,,3.23,,9.1,,NA,M,NA,M,4.5,,1.9,,276,,42.5,,33.8,
2003-03,33.4,,44.9,,22.4,,69.3,,-5.3,,4.04,,13.3,,NA,M,NA,M,4.4,,2.0,,241,,39.8,,36.2,
2003-04,41.3,,51.8,,31.2,,79.7,,17.6,,3.79,,15.2,,NA,M,NA,M,4.3,2,0.5,2,95,2,29.3,2,43.3,
2003-05,52.7,,63.2,,43.3,,80.2,,33.6,,5.70,,15.6,,NA,M,NA,M,3.7,,0.9,,98,,30.0,,54.8,
2003-06,62.9,,73.0,,53.9,,91.9,,39.7,,6.00,,18.1,,NA,M,NA,M,2.7,,0.1,,174,,23.9,,64.4,
2003-07,69.1,,79.4,,60.0,,87.4,,53.4,,1.43,,21.3,,NA,M,NA,M,2.8,,1.1,,208,,28.6,,71.4,
2003-08,68.9,,79.0,,60.9,,86.2,,44.8,,3.88,,16.4,,NA,M,NA,M,2.6,,0.8,,199,,25.3,,72.6,
2003-09,60.4,,70.2,,51.7,,79.2,,41.2,,5.48,,13.1,,NA,M,NA,M,3.0,,1.3,,107,,27.3,,65.4,
2003-10,46.6,,56.8,,37.9,,76.1,,26.6,,5.63,,9.6,,NA,M,NA,M,3.5,,0.9,,217,,43.0,,52.7,
2003-11,40.1,,50.4,,32.4,,70.5,,16.2,,3.15,,6.2,1,NA,M,NA,M,4.4,,1.3,,254,,41.8,,42.8,4
2003-12,29.3,,37.4,,21.5,,54.0,,8.1,,6.06,,4.7,1,9.9,3,-14.8,3,5.1,1,1.8,1,261,1,39.6,1,33.5,
2004-01,13.3,,21.2,,5.1,,44.2,,-14.1,,1.17,,6.4,,13.4,,-24.3,,4.8,,3.5,,277,,38.9,,32.2,
2004-02,25.4,,35.2,,16.3,,50.5,,0.9,,1.43,,10.5,,21.9,,-12.7,,4.3,2,2.4,2,288,2,34.9,2,31.8,
2004-03,34.3,,43.7,,26.1,,69.3,,11.1,,3.26,,11.7,,24.6,,30.8,,4.7,,0.9,,234,,32.2,,34.3,
2004-04,45.2,,56.6,,34.9,,84.2,,22.3,,6.05,,15.4,,32.4,,75.0,,5.0,,0.6,,269,,39.1,,46.8,
2004-05,56.8,,69.2,,45.8,,85.6,,30.7,,4.51,,19.0,,38.8,,106.3,,3.8,,1.0,,200,,32.9,,59.8,
2004-06,62.0,,73.2,,51.4,,87.8,,42.8,,2.75,,21.6,,43.4,,124.5,,3.0,,0.6,,231,,30.0,,65.3,
2004-07,67.2,,77.0,,58.7,,84.2,,51.8,,4.98,,18.7,,38.1,,111.6,,2.8,,0.7,,163,,24.2,,70.5,
2004-08,66.8,,77.0,,58.5,,86.0,,47.7,,3.43,,17.9,,37.0,,104.9,,2.7,,1.0,,203,,22.8,,70.7,
2004-09,60.8,,71.6,,51.4,,81.1,,39.7,,8.41,,14.8,,30.9,,73.4,,2.6,,0.2,,118,,31.8,,65.9,
2004-10,48.0,,57.4,,40.3,,73.6,,30.0,,2.43,,10.0,,20.9,,33.3,,3.1,,0.1,,353,,25.3,,55.1,
2004-11,38.6,,47.7,,29.6,,63.1,,15.1,,3.48,,6.8,,14.2,,5.3,,3.9,,1.3,,250,,44.5,,44.8,
2004-12,27.6,,34.8,,19.6,,56.3,,-7.6,,3.89,,4.4,,9.1,,-11.4,,4.6,1,1.4,1,247,1,46.3,1,36.3,
2005-01,20.0,,28.1,,11.6,,57.2,,-12.8,,4.39,,5.9,,12.0,,-16.2,,3.8,4,1.2,4,311,4,31.8,4,33.9,
2005-02,27.2,,37.0,,17.9,,54.1,,3.2,,2.55,,9.3,,19.2,,-13.3,,3.8,,0.7,,317,,35.6,,33.5,
2005-03,29.7,,39.6,,20.2,,62.1,,0.5,,4.72,,13.3,,27.2,,1.5,,4.2,,1.5,,283,,38.9,,33.1,
2005-04,47.4,,59.9,,35.6,,81.5,,25.2,,5.67,,17.9,,36.7,,84.7,,4.6,,0.3,,166,,31.8,,46.3,
2005-05,49.8,,59.8,,40.3,,77.7,,29.3,,3.58,,15.9,,32.9,,83.0,,3.4,,0.9,,36,,35.3,,52.7,
2005-06,66.7,,78.3,,56.9,,90.7,,45.5,,5.52,,19.0,,39.4,,118.0,,2.6,,0.8,,190,,31.3,,66.9,
2005-07,69.2,,79.8,,60.6,,88.7,,52.3,,4.85,,18.7,,36.0,,120.2,,2.7,,0.5,,163,,24.6,,71.9,3
2005-08,69.6,,80.2,,61.0,,87.6,,51.6,,3.42,,16.9,,33.8,,103.1,,2.6,,0.7,,177,,31.3,,72.7,
2005-09,62.8,,74.2,,52.8,,86.2,,38.3,,2.42,,15.0,,29.4,,73.7,,2.7,,0.6,,215,,38.9,,67.0,
2005-10,49.4,,57.0,,42.7,,76.3,,28.2,,11.70,,7.0,1,12.5,1,20.8,1,3.7,1,0.5,1,47,1,39.8,1,55.9,
2005-11,40.6,,49.8,,30.9,,69.1,,10.4,,4.26,,6.4,,11.7,,3.0,,4.6,,1.5,,212,,36.2,,45.2,
2005-12,25.8,,33.6,,18.6,,45.9,,0.3,,3.05,,5.3,,10.3,,-17.3,,4.0,,1.8,,273,,40.3,,37.4,
2006-01,30.8,,39.2,,22.6,,56.5,,-0.2,,4.11,,4.8,,9.3,,-11.6,,4.3,,1.0,,237,,48.5,,35.9,
2006-02,25.1,,33.8,,16.2,,57.6,,-1.7,,2.00,,9.1,,17.6,,2.9,,5.1,,2.6,,259,,44.7,,33.5,
2006-03,33.7,,43.7,,23.8,,69.3,,7.2,,0.50,,13.1,,26.0,,44.3,,4.4,,2.3,,282,,36.9,,34.3,
2006-04,46.5,,58.7,,35.5,,75.4,,23.7,,1.64,,15.8,,32.0,,74.8,,4.5,,0.7,,287,,32.2,,46.9,
2006-05,54.1,,63.9,,45.4,,82.4,,36.0,,4.52,,15.2,,31.9,,86.9,,4.3,,1.0,,70,,35.6,,55.0,
2006-06,64.0,,72.5,,56.7,,88.9,,46.9,,5.56,,13.9,,32.8,,90.7,,3.0,,0.5,,162,,38.9,,65.9,
2006-07,71.3,,81.1,,62.4,,89.8,,52.0,,3.60,,18.4,,42.7,,126.1,,2.7,,0.9,,202,,23.0,,72.3,
2006-08,65.8,,76.4,,57.2,,92.7,,46.6,,5.09,,16.4,,37.9,,103.7,,2.6,,0.1,,189,,27.7,,70.3,
2006-09,58.3,,68.0,,49.9,,78.6,,34.9,,2.95,,12.4,,28.3,,63.7,,3.0,,0.5,,142,,28.9,,63.5,
2006-10,47.8,,57.8,,38.9,,76.1,,26.8,,6.63,,9.2,,20.8,,32.7,,3.8,,0.7,,224,,46.1,,54.1,
2006-11,43.9,,51.9,,36.5,,66.2,,22.6,,4.61,,5.8,,12.6,,7.7,,3.8,,0.4,,136,,34.5,,47.7,
2006-12,34.7,,41.7,,27.2,,63.5,,11.8,,1.92,,4.4,,9.4,,-7.0,,4.4,,2.5,,250,,44.5,,40.2,
2007-01,26.5,,33.9,,18.8,,65.3,,-6.0,,3.09,,5.4,,11.5,,-1.6,,4.2,2,2.5,2,257,2,36.7,2,35.2,
2007-02,19.1,,27.5,,10.7,,43.0,,-1.1,,1.84,,9.0,,19.7,,-14.9,,4.9,,3.2,,274,,40.0,,31.4,
2007-03,31.7,,41.9,,21.8,,66.9,,-5.8,,4.26,,12.4,,26.6,,22.3,,5.0,2,2.4,2,264,2,38.0,2,31.8,
2007-04,41.5,,50.0,,33.1,,82.9,,17.8,,6.31,,12.2,,27.1,,57.5,,4.5,,0.5,,319,,43.2,,40.4,
2007-05,57.4,,70.0,,45.6,,89.1,,33.4,,4.03,,20.1,,44.6,,120.4,,3.3,,0.6,,284,,28.9,,57.9,
2007-06,63.3,,74.7,,53.1,,89.8,,38.1,,2.54,,19.7,,43.8,,123.6,,2.8,,0.1,,86,,28.4,,68.4,
2007-07,67.6,,78.6,,58.7,,90.5,,45.1,,6.59,,19.1,,42.9,,119.9,,2.7,,0.6,,185,,25.7,,72.9,
2007-08,67.2,,78.0,,57.4,,88.0,,45.5,,1.16,,17.1,,37.8,,100.1,,2.4,,0.4,,177,,26.0,,71.6,
2007-09,61.4,,73.0,,51.5,,87.3,,38.5,,2.98,,14.8,,33.5,,76.2,,2.7,,0.5,,171,,24.6,,65.6,
2007-10,54.3,,64.0,,45.6,,81.9,,27.3,,4.63,,9.2,,20.3,,34.4,,3.0,,0.7,,196,,36.7,,59.2,
2007-11,36.0,,44.5,,28.0,,58.1,,13.8,,3.58,,5.8,,12.4,,1.4,,4.1,,1.1,,240,,31.8,,44.3,
2007-12,25.4,,32.8,,18.7,,53.6,,3.2,,3.82,,3.8,,8.2,,-14.4,,3.8,,0.8,,270,,39.4,,36.1,
2008-01,26.0,,34.1,,17.3,,60.4,,-4.4,,2.85,,5.8,,12.0,,-18.0,,3.8,,1.4,,257,,34.0,,35.0,
2008-02,25.2,,33.3,,16.3,,53.8,,-3.5,,10.53,,6.6,,14.1,,-11.7,,4.1,1,1.3,1,250,1,38.0,1,33.3,
2008-03,31.4,,40.6,,23.0,,50.2,,14.5,,5.48,,11.4,,24.4,,28.1,,4.8,,1.4,,263,,41.6,,33.8,
2008-04,47.3,,59.0,,35.7,,79.5,,22.1,,4.38,,16.6,,35.5,,79.9,,4.2,,0.4,,124,,38.9,,47.1,
2008-05,53.0,,64.6,,42.1,,81.0,,27.1,,2.25,,18.2,,39.5,,100.8,,3.4,,0.3,,237,,33.3,,55.8,
2008-06,65.2,,76.2,,55.9,,93.4,,43.7,,4.17,,19.3,1,38.1,1,111.6,1,2.6,1,0.6,1,195,1,32.9,1,67.2,
2008-07,69.7,,80.1,,61.5,,88.0,,53.2,,8.87,,20.9,,36.4,,125.9,,2.7,,1.0,,190,,28.2,,73.1,
2008-08,64.8,,76.2,,55.8,,82.2,,44.2,,1.85,,18.7,,32.0,,100.0,,2.2,,0.1,,252,,22.8,,70.7,
2008-09,60.7,,70.8,,52.1,,84.7,,37.6,,7.78,,14.4,,25.0,,68.0,,2.7,,0.4,,119,,30.6,,65.9,
2008-10,47.3,,58.4,,38.2,,70.3,,26.4,,2.46,,10.8,,18.6,,28.4,,2.9,,0.6,,254,,39.8,,55.2,
2008-11,37.4,,45.0,,30.5,,65.1,,10.8,,3.59,,5.5,,9.6,,0.7,,3.7,,0.8,,230,,34.2,,44.8,
2008-12,28.0,,35.2,,19.4,,55.0,,0.5,,7.41,,3.8,,7.0,,-11.4,,5.0,2,2.3,2,241,2,38.0,2,36.0,
2009-01,17.2,,26.3,,8.4,,40.3,,-6.5,,3.09,,6.3,,11.6,,-21.3,,3.4,5,2.1,5,269,5,31.3,5,34.4,
2009-02,26.8,,36.9,,17.1,,57.7,,-2.7,,1.43,,9.3,,17.6,,-11.2,,4.7,,2.2,,264,,44.5,,34.2,
2009-03,33.5,,43.7,,24.6,,61.9,,3.4,,2.96,,13.9,,25.3,,38.3,,4.1,,0.8,,269,,28.6,,36.5,
2009-04,47.1,,58.2,,36.3,,90.5,,24.6,,3.28,,17.3,,30.2,,79.4,,4.7,,0.9,,243,,34.0,,48.3,
2009-05,55.9,,66.4,,45.1,,86.2,,34.7,,5.11,,17.9,,30.8,,94.0,,3.5,,1.2,,208,,32.9,,58.9,
2009-06,61.0,,70.8,,53.7,,80.1,,34.5,,7.17,,16.5,,27.8,,92.0,,2.7,,0.7,,99,,27.7,,65.0,
2009-07,65.2,,75.2,,56.6,,82.6,,48.0,,9.98,,19.4,,32.2,,114.5,,3.0,,0.6,,163,,26.0,,70.0,
2009-08,68.3,,78.5,,59.6,,87.8,,49.3,,3.32,,18.5,,31.3,,107.7,,2.5,,0.5,,194,,26.2,,72.8,
2009-09,58.0,,68.5,,48.6,,81.3,,37.2,,1.33,,15.6,,25.8,,74.5,,2.8,,0.4,,84,,22.4,,64.8,
2009-10,46.1,,55.2,,38.2,,69.1,,27.5,,6.65,,8.3,,13.4,,27.4,,3.4,,0.3,,164,,34.2,,54.1,
2009-11,42.9,,50.5,,36.0,,64.4,,24.4,,2.42,,6.4,,10.5,,6.0,,3.8,,0.4,,5,,40.9,,47.8,
2009-12,25.8,,33.5,,18.2,,63.3,,-2.0,,3.56,,4.9,,8.9,,-20.9,,4.6,,1.8,,281,,37.8,,38.6,
2010-01,23.3,,31.2,,15.8,,54.0,,-4.5,,2.68,,5.7,,11.2,,-18.4,,4.0,,2.1,,288,,36.9,,34.6,
2010-02,26.1,,33.5,,19.8,,44.6,,7.3,,3.41,,8.1,,15.9,,-7.6,,4.8,,1.7,,311,,36.9,,32.6,
2010-03,39.8,,48.8,,32.2,,67.6,,16.7,,7.44,,11.8,,21.8,,42.1,,5.0,,1.4,,33,,46.8,,38.5,
2010-04,49.4,,61.0,,38.2,,86.0,,29.1,,1.19,,17.3,,30.3,,79.2,,3.8,,1.0,,268,,31.8,,50.4,
2010-05,59.5,,71.2,,47.9,,92.7,,30.0,,2.30,,20.3,,36.9,,112.8,,3.1,,0.8,,249,,46.3,,59.0,
2010-06,65.3,,75.1,,56.1,,86.0,,44.6,,4.12,,18.8,,31.3,,110.1,,2.6,,0.8,,228,,26.0,,67.3,
2010-07,71.5,,82.4,,61.4,,93.9,,46.9,,3.09,,20.9,,38.3,,129.6,,2.5,,0.5,,217,,24.6,,72.1,
2010-08,68.2,,78.7,,58.7,,92.1,,50.2,,3.24,,17.8,,31.9,,104.0,,2.9,,0.5,,170,,29.1,,70.7,
2010-09,62.6,,72.7,,53.6,,90.3,,40.3,,3.00,,13.6,,25.1,,66.8,,3.3,,1.1,,202,,29.5,,65.9,
2010-10,48.7,,58.3,,39.9,,73.9,,30.0,,6.06,,9.6,1,17.1,1,29.1,1,3.8,1,0.8,1,253,1,34.0,1,56.1,
2010-11,38.5,,47.1,,30.7,,65.5,,19.4,,4.07,,6.5,,14.2,,4.4,,4.0,,0.7,,301,,36.0,,45.7,
2010-12,25.0,,33.1,,17.9,,54.7,,3.4,,3.01,,5.5,1,11.7,,-14.2,,4.7,,2.2,,295,,43.8,,36.5,
2011-01,20.3,,28.5,,12.1,,55.9,,-14.8,,2.44,,6.2,,12.8,,-18.0,,3.6,,1.5,,298,,30.9,,34.6,
2011-02,24.4,,33.9,,14.3,,60.3,,0.9,,4.08,,8.6,,17.7,,-20.7,,4.5,,2.0,,268,,40.0,,35.1,
2011-03,32.5,,41.3,,23.9,,62.1,,1.8,,5.70,,12.7,,27.5,,31.9,,4.7,,1.1,,257,,40.0,,35.5,
2011-04,45.6,,55.6,,36.6,,80.4,,26.1,,5.37,,13.4,,29.0,,58.0,,4.7,,1.1,,222,,42.1,,45.4,
2011-05,57.6,,68.2,,48.6,,87.1,,35.8,,3.65,,15.4,,35.7,,94.3,,4.1,,1.2,,127,,27.3,,57.8,
2011-06,63.1,,73.6,,53.7,,87.3,,41.4,,5.29,,18.6,,40.7,,116.7,,2.8,,0.2,,86,,28.2,,65.9,
2011-07,71.0,,82.1,,61.0,,96.1,,52.2,,2.28,,19.8,,46.2,,136.3,,2.4,,0.5,,227,,28.9,,71.4,
2011-08,67.3,,77.8,,58.8,,84.7,,48.7,,10.67,,16.7,,35.9,,97.1,,2.8,,0.6,,181,,36.7,,71.0,
2011-09,62.7,,72.4,,55.3,,81.9,,39.2,,8.43,,12.4,,26.1,,66.5,,2.8,,0.8,,136,,21.9,,67.2,
2011-10,49.1,,58.2,,41.5,,81.9,,24.8,,6.97,,8.6,,16.5,,23.7,,3.4,2,0.1,2,93,2,37.6,2,57.6,
2011-11,44.2,,53.5,,35.9,,66.0,,27.1,,3.97,,6.9,,13.6,,2.1,,3.8,,1.6,,224,,35.3,,46.4,
2011-12,33.8,,42.2,,25.8,,56.5,,9.5,,4.91,,4.9,,9.9,,-6.3,,4.0,1,1.6,1,235,1,40.7,1,40.7,
2012-01,27.2,,36.0,,18.8,,54.1,,-2.4,,2.31,,5.9,,12.1,,-3.1,,4.7,2,1.9,2,242,2,36.0,2,34.9,
2012-02,31.0,,40.2,,22.3,,54.9,,7.9,,1.06,,8.7,,17.7,,17.3,,4.0,,2.1,,264,,38.0,,34.6,
2012-03,41.9,,52.8,,32.7,,78.8,,7.9,,0.93,,12.2,,25.2,,42.5,,4.1,,1.2,,240,,35.8,,42.4,
2012-04,46.8,,58.3,,35.3,,86.0,,25.5,,2.20,,17.5,,34.8,,88.8,,4.1,,1.5,,266,,45.2,,48.5,
2012-05,59.3,,69.7,,50.2,,84.6,,38.7,,3.69,,15.9,,30.2,,94.1,,3.1,,1.0,,148,,23.3,,58.7,
2012-06,62.9,,74.1,,53.3,,93.0,,45.0,,3.30,,19.4,,37.0,,119.5,,2.7,,0.4,,142,,30.6,,65.9,
2012-07,71.1,,82.4,,60.8,,92.1,,51.4,,1.55,,21.0,1,41.1,1,121.9,1,2.3,1,0.4,1,220,1,23.0,1,70.7,
2012-08,69.6,,81.0,,59.8,,90.1,,49.5,,5.49,,19.6,,39.5,1,111.4,,2.3,,0.8,,209,,34.7,,70.9,
2012-09,59.6,,69.8,,50.7,,82.8,,39.9,,5.52,,14.5,,30.2,,66.8,,2.9,,0.8,,169,,40.0,,65.3,
2012-10,51.2,,59.0,,43.4,,73.0,,25.9,,4.56,,7.1,,15.1,,19.5,,3.5,,0.6,,166,,44.3,,56.5,
2012-11,36.1,,44.9,,29.1,,62.2,,19.9,,0.54,,6.9,,14.3,,4.4,,3.5,,1.1,,290,,36.0,,44.9,
2012-12,31.7,,38.5,,25.2,,53.8,,12.9,,3.61,,3.9,,8.1,,-7.2,,4.1,1,0.7,1,282,1,42.3,1,38.8,
2013-01,25.2,,33.1,,16.3,,58.3,,-6.5,,2.33,,6.1,,12.5,,-14.5,,4.3,2,2.4,2,254,2,46.3,2,35.2,
2013-02,25.6,,32.9,,18.8,,48.0,,3.9,,2.46,,7.6,,15.4,,-5.0,,4.6,,1.3,,286,,38.5,,32.3,
2013-03,32.2,,40.6,,24.5,,55.2,,11.8,,2.90,,12.3,,25.1,,19.8,,4.2,,1.3,,299,,31.8,,32.7,
2013-04,44.2,,55.7,,34.1,,70.3,,21.9,,2.06,,18.3,,37.1,,86.6,,4.9,,1.4,,244,,35.8,,45.8,
2013-05,56.6,,68.6,,44.3,,88.7,,32.4,,5.57,,19.3,,39.3,,101.1,,3.4,,0.6,,199,,32.2,,57.3,
2013-06,64.3,,74.8,,55.1,,88.5,,45.0,,9.62,,20.0,,41.2,,118.6,,3.0,,0.7,,187,,32.7,,66.5,
2013-07,72.5,,81.7,,64.3,,91.2,,51.6,,2.13,,19.4,,41.0,,125.3,,2.5,,0.5,,202,,22.6,,74.4,
2013-08,65.8,,76.4,,56.7,,83.1,,47.8,,5.39,,18.7,,38.6,,106.2,,2.4,,0.5,,227,,24.6,,70.0,
2013-09,58.5,,69.8,,48.4,,88.3,,35.8,,3.55,,15.1,,30.4,,74.0,,2.4,,0.5,,249,,26.4,,65.1,
2013-10,49.9,,59.5,,41.2,,74.7,,25.5,,2.47,,9.3,,19.1,,30.3,,3.0,,0.4,,208,,33.8,,56.2,
2013-11,35.7,,44.8,,26.6,,63.9,,7.9,,3.28,,7.2,,14.7,,4.8,,4.3,,2.1,,254,,40.3,,44.7,
2013-12,27.0,,33.8,,19.4,,61.0,,0.0,,3.41,,3.7,,7.1,,-10.3,,3.5,,1.2,,253,,30.2,,38.0,
2014-01,20.4,,29.0,,11.6,,56.8,,-9.2,,3.30,,5.9,,12.1,,-9.9,,4.7,,2.6,,248,,34.0,,33.8,
2014-02,21.7,,30.2,,13.4,,46.9,,-3.3,,3.57,,8.2,,16.5,,-14.9,,3.8,,1.3,,275,,35.6,,33.5,
2014-03,26.9,,36.4,,16.7,,53.4,,-0.9,,4.57,,12.2,,25.0,,13.3,,4.5,,1.5,,280,,43.0,,33.8,
2014-04,43.8,,54.9,,33.2,,72.3,,21.4,,5.04,,16.5,,33.8,,72.6,,4.8,,0.9,,225,,42.7,,44.0,
2014-05,55.4,,66.2,,45.2,,83.7,,36.0,,3.22,,16.7,,35.0,,92.5,,3.6,,0.6,,199,,31.5,,55.3,
2014-06,64.8,,75.3,,54.4,,84.2,,45.0,,2.25,,21.2,,43.8,,130.7,,2.7,,0.4,,185,,24.6,,64.6,
2014-07,68.4,,78.6,,59.4,,87.6,,51.4,,9.01,,20.6,,42.9,,128.9,,2.8,,1.1,,209,,50.3,,71.1,
2014-08,65.2,,75.5,,56.4,,83.8,,49.1,,2.16,,18.1,,37.8,,104.7,,2.3,,0.2,,149,,29.5,,68.9,
2014-09,59.5,,70.1,,50.5,,84.2,,37.2,,1.61,,14.7,,30.7,,72.5,,2.6,,0.4,,125,,26.8,,64.8,
2014-10,50.9,,59.0,,43.2,,73.8,,28.8,,7.48,,8.1,1,17.1,1,25.1,1,3.4,1,0.6,1,190,1,33.6,1,57.1,
2014-11,36.2,,43.9,,28.0,,63.0,,11.8,,3.85,,6.2,,12.0,,2.0,,3.9,3,1.9,3,238,3,37.8,3,45.1,
2014-12,31.0,,37.0,,25.2,,56.8,,9.9,,5.28,,4.4,,8.3,,-4.3,,3.7,,0.8,,315,,40.3,,38.1,
2015-01,18.9,,27.0,,9.7,,45.7,,-10.7,,2.70,,5.8,,10.9,,-17.8,,4.3,,2.1,,269,,35.8,,33.0,
2015-02,12.8,,22.9,,2.2,,36.1,,-14.6,,1.65,,9.7,,18.3,,-11.5,,4.0,,1.5,,282,,37.4,,32.9,
2015-03,28.0,,37.2,,18.8,,52.5,,0.0,,1.89,,13.4,,25.1,,4.0,,4.3,,2.5,,273,,40.5,,33.1,
2015-04,43.7,,53.5,,34.4,,68.7,,23.5,,1.72,,16.1,,31.0,,66.0,,4.3,,1.1,,267,,34.7,,40.4,
2015-05,60.7,,73.5,,48.0,,85.5,,33.6,,1.29,,22.3,,43.7,,117.6,,3.6,,1.4,,210,,34.0,,57.5,
2015-06,62.1,,72.0,,52.6,,82.4,,41.5,,6.41,,19.9,,36.9,,112.9,,2.9,,0.6,,163,,36.0,,63.9,
2015-07,68.5,,79.0,,59.5,,88.9,,50.4,,4.33,,21.7,,34.6,,125.5,,2.4,,0.5,,199,,22.4,,69.9,
2015-08,68.3,,78.9,,59.3,,86.9,,53.1,,5.32,,20.9,,42.9,,113.7,,2.4,,0.6,,185,,33.1,,71.2,
2015-09,64.0,,75.5,,53.9,,88.5,,37.9,,6.21,,16.6,,33.5,,78.8,,2.4,,0.4,,107,,26.2,,67.7,
2015-10,47.5,,57.3,,38.4,,72.5,,21.0,,1.91,,10.8,,21.8,,30.5,,3.0,,0.3,,230,,38.9,,56.0,
2015-11,42.7,,51.7,,34.3,,69.1,,18.5,,1.91,,7.3,,14.4,,3.6,,3.6,,1.1,,232,,30.0,,47.8,
2015-12,39.4,,46.6,,33.1,,62.1,,18.9,,4.95,,4.2,,8.4,,-1.9,,3.4,,0.7,,220,,33.8,,43.3,
2016-01,25.6,,33.6,,17.6,,55.2,,0.1,,1.57,,6.7,,13.4,,-12.7,,4.3,,1.7,,269,,38.5,,34.9,
2016-02,28.1,,38.7,,17.5,,60.8,,-17.7,,4.24,,9.1,,18.1,,6.1,,4.8,,1.7,,235,,43.0,,35.7,
2016-03,38.2,,49.0,,29.0,,75.4,,14.5,,3.39,,13.6,,27.6,,50.6,,4.3,,0.9,,248,,34.9,,40.7,
2016-04,43.4,,54.5,,32.2,,75.6,,10.8,,2.70,,17.8,,36.5,,73.7,,4.1,,0.6,,259,,37.4,,46.4,
2016-05,56.0,,66.3,,46.0,,89.8,,34.3,,2.38,,18.0,,36.8,,96.4,,3.3,,0.3,,232,,38.9,,55.6,
2016-06,64.4,,75.8,,54.0,,85.3,,45.9,,1.52,,23.4,,47.2,,137.2,,2.9,,0.7,,223,,28.9,,64.7,
2016-07,70.4,,82.3,,60.1,,92.1,,50.9,,2.47,,21.6,,43.7,,131.4,,2.5,,0.3,,214,,33.1,,69.3,
2016-08,70.4,,81.2,,61.0,,89.2,,48.9,,4.74,,19.5,,39.4,,116.1,,2.6,,0.7,,195,,25.5,,71.4,
2016-09,62.2,,72.8,,53.2,,85.8,,37.8,,3.93,,14.8,,29.5,,70.7,,2.6,,0.5,,97,,25.5,,66.3,
2016-10,49.9,,60.1,,41.3,,76.1,,25.2,,3.03,,9.9,1,19.7,1,31.3,1,3.1,1,0.3,1,291,1,32.0,1,56.7,
2016-11,40.5,,49.8,,32.3,,64.2,,23.7,,3.34,,6.7,,13.7,,5.8,,3.4,,1.0,,293,,31.8,,46.2,
2016-12,28.0,,35.8,,20.0,,51.3,,-6.5,,3.52,,4.9,,9.8,,-15.1,,4.0,1,2.1,1,256,1,36.5,1,36.6,
2017-01,28.6,,35.5,,22.1,,51.4,,-2.6,,2.58,,4.8,,9.6,,-5.8,,4.0,,0.9,,253,,43.2,,34.7,
2017-02,31.0,,40.8,,21.6,,68.5,,-0.8,,2.57,,9.2,,18.4,,4.7,,4.5,,2.0,,257,,39.4,,34.1,
2017-03,28.6,,38.0,,19.8,,57.2,,1.9,,3.08,,12.7,,24.8,,21.1,,4.9,,1.9,,284,,41.8,,35.1,
2017-04,48.7,,59.7,,38.8,,83.5,,28.4,,3.42,,15.1,,29.7,,68.4,,4.3,,0.4,,196,,30.4,,46.5,
2017-05,53.2,,62.7,,43.6,,91.4,,32.2,,7.22,,14.8,,29.1,,77.1,,3.6,,0.4,,146,,34.5,,55.4,
2017-06,64.6,,75.4,,54.4,,91.4,,41.9,,5.03,,20.0,,39.6,,119.5,,3.1,,1.0,,215,,31.5,,65.4,
2017-07,67.6,,77.2,,59.5,,86.0,,50.2,,2.74,,18.0,,36.0,,108.5,,2.4,,0.3,,157,,24.4,,70.5,
2017-08,66.4,,76.5,,57.1,,84.9,,47.7,,3.61,,17.1,2,34.1,2,97.9,2,2.5,2,0.3,2,189,2,23.3,2,70.3,2
2017-09,63.2,,73.6,,54.7,,88.7,,39.2,,2.93,,14.3,,29.3,,71.2,,2.6,,0.4,,35,,22.6,,66.3,
2017-10,56.2,,66.4,,47.5,,77.2,,29.8,,11.74,,9.8,,20.2,,30.9,,3.5,,1.3,,195,,41.2,,59.9,
2017-11,37.9,,46.9,,28.7,,66.4,,14.4,,1.67,,6.4,,12.6,,2.5,,4.2,,1.5,,232,,38.9,,46.1,
2017-12,23.1,,30.1,,16.7,,55.9,,-8.9,,2.80,,4.1,,7.9,,-19.0,,3.4,,1.5,,262,,34.5,,38.4,
2018-01,22.5,,31.3,,13.6,,59.4,,-14.4,,5.12,,5.7,,11.1,,-10.7,,4.5,,2.0,,258,,37.8,,34.5,
2018-02,31.9,,41.6,,22.0,,71.1,,-3.8,,4.92,,7.1,,13.9,,3.8,,4.0,,2.0,,231,,31.3,,34.7,
2018-03,32.2,,40.6,,24.8,,55.2,,5.4,,3.86,,11.5,,22.2,,11.2,,4.3,,1.4,,328,,34.7,,36.4,
2018-04,39.5,,49.0,,30.6,,68.0,,20.3,,5.09,,13.8,,26.3,,56.4,,4.3,,1.1,,260,,46.5,,42.2,
2018-05,60.3,,72.4,,49.1,,85.8,,36.1,,1.82,,18.9,,36.3,,105.9,,3.3,,0.6,,210,,36.0,,58.1,
2018-06,63.7,,74.2,,53.5,,87.8,,43.3,,6.65,,20.0,,39.7,,118.4,,2.7,,0.5,,207,,30.6,,64.2,
2018-07,71.5,,82.5,,61.7,,94.3,,47.3,,7.11,,22.1,,44.5,,139.9,,2.6,,0.9,,159,,25.3,,72.7,
2018-08,70.5,,80.2,,62.7,,89.8,,54.1,,10.76,,16.7,,30.4,,98.8,,2.4,,0.5,,122,,35.3,,73.7,
2018-09,62.5,,71.6,,55.5,,88.3,,42.4,,10.54,,11.5,,21.9,,58.3,,2.6,,0.8,,106,,25.5,,68.3,
2018-10,47.5,,56.0,,39.8,,79.3,,24.6,,4.05,,7.3,1,13.6,1,20.1,1,3.3,1,0.8,1,226,1,36.7,1,56.7,
2018-11,34.5,,40.4,,28.1,,63.9,,0.3,,8.44,,5.1,,10.7,,-4.8,,4.1,,0.8,1,267,1,35.3,,44.0,
2018-12,29.7,,37.7,,21.6,,61.9,,10.8,,4.11,,5.4,,10.8,,-3.8,,3.6,,1.1,,256,,36.9,,35.7,
2019-01,22.1,,30.1,,13.4,,53.6,,-8.9,,5.05,,5.5,2,10.7,2,-7.6,2,4.3,2,1.6,2,258,2,38.3,2,33.3,
2019-02,25.6,,34.4,,17.2,,61.0,,-4.4,,2.87,,8.6,,16.9,,-3.5,,4.2,,1.8,,268,,49.4,,32.2,
2019-03,32.0,,41.9,,22.7,,65.1,,-0.2,,2.00,,13.2,,26.1,,24.6,,4.5,,2.1,,248,,33.3,,32.4,
2019-04,45.1,,55.4,,35.6,,72.7,,21.7,,8.36,,13.7,,28.6,,59.6,,4.6,,1.3,,227,,40.0,,46.4,
2019-05,53.2,,63.3,,43.9,,81.0,,33.3,,3.50,,15.3,,34.3,,83.2,,3.4,,0.4,,181,,29.1,,55.3,
2019-06,64.2,,74.3,,54.0,,86.7,,41.0,,4.24,,20.3,,43.7,,118.3,,2.7,,0.5,,219,,26.8,,66.3,
2019-07,71.7,,83.0,,62.0,,91.6,,53.8,,5.82,,21.6,,49.6,,134.8,,2.2,,0.2,,224,,26.8,,73.7,
2019-08,67.3,,78.7,,57.6,,84.7,,45.5,,3.31,,18.9,,42.4,,107.7,,2.3,,0.4,,185,,26.4,,72.0,
2019-09,60.1,,71.3,,50.1,,85.5,,38.8,,1.80,,15.0,,33.3,,68.2,,2.7,,0.4,,164,,25.1,,65.3,
2019-10,50.3,,58.7,,42.5,,73.6,,31.8,,6.55,,7.9,,17.2,,22.2,,3.5,,0.6,,131,,52.3,,56.7,
2019-11,33.8,,42.8,,25.7,,68.4,,10.0,,3.23,,6.6,,14.6,,1.6,,4.0,,1.4,,271,,44.3,,43.5,
2019-12,28.2,,35.3,,20.3,,55.4,,2.8,,7.06,,4.1,,9.8,,-15.2,,3.9,,1.1,,257,,41.8,,36.6,
2020-01,28.8,,36.6,,21.2,,65.5,,3.6,,1.78,,5.9,,13.7,,-12.4,,3.7,,1.4,,261,,47.0,,35.3,
2020-02,29.0,,36.9,,21.4,,56.3,,-1.3,,3.38,,7.9,,18.5,,1.2,,3.9,,1.5,,257,,37.4,,33.7,
2020-03,37.6,,47.4,,28.5,,69.4,,9.9,,3.64,,12.3,,29.1,,40.5,,4.3,,0.4,,234,,35.8,,39.3,
2020-04,41.1,,50.4,,32.3,,63.1,,23.5,,5.61,,13.6,,32.7,,55.6,,4.5,,1.0,,263,,43.0,,45.4,
2020-05,54.3,,66.3,,42.6,,82.9,,27.5,,2.63,,21.4,,51.2,,115.4,,4.1,,1.2,,243,,35.8,,56.2,
2020-06,66.0,,77.3,,55.3,,87.8,,35.6,,1.24,,21.8,,50.0,,123.9,,2.7,,0.5,,181,,27.5,,66.9,
2020-07,71.8,,82.9,,63.1,,93.0,,53.6,,5.09,,20.8,,46.3,,132.8,,2.5,,0.7,,190,,26.2,,74.1,
2020-08,68.7,,79.9,,59.6,,89.4,,47.5,,3.26,,18.4,,38.9,,103.1,,2.7,,0.3,,186,,46.5,,72.3,
2020-09,60.9,,71.7,,51.3,,80.8,,35.2,,2.11,,15.1,,32.3,,65.7,,2.8,,0.9,,187,,37.1,,65.8,
2020-10,49.3,,58.3,,41.3,,73.0,,19.9,,6.15,,8.7,,18.9,,24.5,,3.1,,0.6,,172,,42.5,,56.7,
2020-11,43.1,,52.7,,34.0,,73.6,,14.5,,4.28,,6.5,,14.3,,4.8,,3.9,,1.6,,220,,36.7,,46.7,
2020-12,30.5,,37.7,,22.6,,60.8,,6.4,,4.40,,3.9,,9.5,,-13.3,,4.1,,1.7,,226,,35.3,,39.1,
2021-01,24.8,,32.1,,18.1,,41.4,,-2.4,,2.69,,5.6,,12.4,,-8.0,,3.7,,1.7,,302,,29.3,,33.7,
2021-02,25.3,,32.1,,18.0,,46.8,,2.8,,2.62,,6.8,,15.8,,-11.3,,3.7,,0.7,,297,,40.9,,32.9,
2021-03,36.5,,47.5,,24.8,,69.6,,4.8,,1.83,,15.1,,34.4,,44.4,,4.8,,2.7,,262,,45.6,,37.8,
2021-04,45.5,,56.8,,34.9,,73.0,,20.3,,5.11,,15.7,,36.4,,70.3,,4.0,,1.0,,304,,41.2,,47.9,
2021-05,55.4,,67.0,,44.8,,85.6,,35.6,,5.41,,19.5,,45.9,,106.4,,3.2,,0.4,,280,,28.2,,57.6,
2021-06,67.7,,78.8,,57.4,,92.1,,45.1,,3.13,,22.1,,51.0,,134.3,,2.8,,1.3,,211,,26.8,,68.2,
2021-07,65.8,,75.4,,58.7,,87.1,,46.2,,11.61,,15.6,,35.6,,91.7,,2.7,,0.5,,109,,27.1,,71.2,
2021-08,69.9,,79.1,,62.5,,89.8,,51.8,,3.67,,15.8,,36.1,,93.1,,2.5,,0.5,,144,,35.6,,73.1,
2021-09,61.7,,70.8,,53.0,,80.8,,41.0,,5.49,,13.5,,30.3,,62.9,,2.8,,0.7,,172,,26.0,,67.6,
2021-10,53.2,,62.2,,46.0,,74.3,,31.5,,6.31,,9.5,,21.2,,34.3,,3.2,,0.7,,81,,30.6,,59.1,
2021-11,37.8,,47.1,,28.9,,64.9,,16.3,,2.82,,7.5,,16.1,,3.9,,3.4,,1.3,,254,,30.9,,45.8,
2021-12,32.9,,39.4,,26.5,,58.3,,11.8,,3.87,,4.3,,9.0,,-6.2,,3.8,,1.5,,244,,37.1,,37.9,
2022-01,19.8,,28.9,,9.0,,47.5,,-7.2,,2.10,,5.9,,12.2,,-24.0,,4.0,,1.6,,266,,42.1,,34.1,
2022-02,27.4,,36.6,,17.1,,61.2,,0.1,,4.54,,8.7,,18.2,,-3.2,,4.7,,2.1,,235,,39.8,,32.5,
2022-03,35.5,,45.7,,25.0,,70.3,,4.5,,2.78,,12.2,,26.1,,32.3,,4.4,,2.0,,253,,41.2,,38.1,
2022-04,44.3,,54.6,,34.3,,70.2,,27.3,,2.44,,16.0,,35.8,,75.4,,4.6,,1.0,,261,,37.1,,47.4,
2022-05,58.6,,69.7,,48.0,,88.7,,36.3,,1.96,,20.6,,45.7,,111.6,,3.7,,0.7,,143,,32.7,,59.5,
2022-06,63.4,,74.5,,53.4,,86.5,,45.1,,2.67,,21.2,,46.8,,121.7,,2.9,,0.7,,213,,28.2,,67.3,
2022-07,70.5,,81.5,,60.4,,90.0,,51.3,,5.40,,22.6,,49.4,,138.3,,2.6,,1.0,,212,,26.2,,73.4,
2022-08,70.6,,82.1,,61.8,,91.2,,52.2,,1.16,,19.0,,42.6,,111.8,,2.5,,0.5,,190,,31.1,,74.0,
2022-09,59.4,,69.8,,50.6,,84.9,,37.8,,7.18,,14.5,,32.0,,69.0,,2.6,,0.2,,164,,23.7,,66.5,
2022-10,50.5,,60.6,,41.6,,73.0,,30.2,,4.41,,10.1,,21.9,,30.1,,3.0,,0.6,,127,,31.1,,56.2,
2022-11,42.3,,50.8,,33.9,,71.8,,15.1,,4.21,,7.2,,15.5,,1.7,,4.4,,2.4,,238,,35.8,,47.2,
2022-12,30.6,,38.2,,22.6,,55.2,,1.6,,4.93,,5.1,,10.9,,-15.6,,4.4,,1.1,,243,,43.8,,38.0,
2023-01,31.2,,37.6,,25.1,,52.2,,13.8,,6.17,,3.8,,8.5,,-9.6,,3.8,7,0.8,7,281,7,33.3,7,36.6,
2023-02,29.3,,38.6,,19.9,,57.0,,-18.0,,1.71,,7.9,,17.6,,-1.2,,4.2,2,1.8,2,243,2,40.3,2,34.5,
2023-03,34.6,,43.2,,26.6,,58.5,,19.4,,4.16,,12.3,,27.6,,17.5,,4.1,2,0.9,2,282,2,37.1,2,35.4,
2023-04,47.9,,58.8,,37.6,,88.2,,23.2,,3.64,,15.3,,34.1,,73.9,,4.3,,0.3,,99,,38.9,,49.9,
2023-05,55.6,,67.7,,43.2,,82.6,,30.2,,2.66,,23.1,,48.3,,116.5,,3.1,,0.3,,263,,28.0,,58.9,
2023-06,62.0,,72.7,,53.4,,90.3,,42.6,,4.06,,17.6,,37.6,,101.9,,2.5,,0.5,,132,,33.6,,66.7,
2023-07,70.6,,81.2,,62.3,,89.6,,52.5,,9.39,,18.6,,41.0,,116.7,,2.4,,0.8,,183,,22.6,,75.1,
2023-08,65.8,,75.0,,57.6,,81.0,,49.6,,4.78,,16.1,,35.0,,90.5,,2.7,,0.7,,188,,24.8,,70.9,
2023-09,61.4,,71.3,,54.1,,88.3,,42.1,,9.20,,12.8,,27.5,,61.9,,2.5,,0.7,,59,,25.7,,67.1,
2023-10,53.1,,62.7,,45.3,,83.8,,28.6,,3.83,,9.2,,19.6,,33.2,,2.6,,0.4,,212,,23.5,,58.5,
